{
  "pt1000_inf": {
    "higgs": {
      "Hbb_025": {
        "dijet": {
          "Eff60": 82.74607836271196,
          "Eff60_rel": 3.208423264523546
        },
        "top": {
          "Eff60": 22.26856656570348,
          "Eff60_rel": 2.930336367999149
        }
      },
      "dl1r": {
        "dijet": {
          "Eff60": 58.60793039069941,
          "Eff60_rel": 2.272482890691687
        },
        "top": {
          "Eff60": 11.589009875151406,
          "Eff60_rel": 1.5250059767457076
        }
      },
      "mv2": {
        "dijet": {
          "Eff60": 25.790262549726222,
          "Eff60_rel": 1.0
        },
        "top": {
          "Eff60": 7.5993209547164,
          "Eff60_rel": 1.0
        }
      },
      "mv2_FR": {
        "dijet": {
          "Eff60": 4.947879428405321,
          "Eff60_rel": 0.19185068080890266
        },
        "top": {
          "Eff60": 2.4127246508980287,
          "Eff60_rel": 0.3174921371626775
        }
      }
    }
  },
  "pt250_inf": {
    "higgs": {
      "Hbb_025": {
        "dijet": {
          "Eff60": 78.05623278531907,
          "Eff60_rel": 1.0918317658446355
        },
        "top": {
          "Eff60": 27.09560734846015,
          "Eff60_rel": 1.50293718272446
        }
      },
      "dl1r": {
        "dijet": {
          "Eff60": 82.03799680508533,
          "Eff60_rel": 1.1475277210008994
        },
        "top": {
          "Eff60": 19.196297154877758,
          "Eff60_rel": 1.0647788179707713
        }
      },
      "mv2": {
        "dijet": {
          "Eff60": 71.49108061069754,
          "Eff60_rel": 1.0
        },
        "top": {
          "Eff60": 18.02843635776074,
          "Eff60_rel": 1.0
        }
      },
      "mv2_FR": {
        "dijet": {
          "Eff60": 64.98909880807662,
          "Eff60_rel": 0.9090518460893429
        },
        "top": {
          "Eff60": 15.370810200247705,
          "Eff60_rel": 0.8525869850954101
        }
      }
    }
  },
  "pt500_inf": {
    "higgs": {
      "Hbb_025": {
        "dijet": {
          "Eff60": 91.98262278936377,
          "Eff60_rel": 1.4040911538255259
        },
        "top": {
          "Eff60": 31.04645417592805,
          "Eff60_rel": 1.9885223219609376
        }
      },
      "dl1r": {
        "dijet": {
          "Eff60": 89.11330112612097,
          "Eff60_rel": 1.360291694289947
        },
        "top": {
          "Eff60": 18.52585858045814,
          "Eff60_rel": 1.1865794113549966
        }
      },
      "mv2": {
        "dijet": {
          "Eff60": 65.51043537219924,
          "Eff60_rel": 1.0
        },
        "top": {
          "Eff60": 15.612826586383136,
          "Eff60_rel": 1.0
        }
      },
      "mv2_FR": {
        "dijet": {
          "Eff60": 72.3135243176784,
          "Eff60_rel": 1.1038474085361702
        },
        "top": {
          "Eff60": 15.665257731312005,
          "Eff60_rel": 1.003358209651454
        }
      }
    }
  },
  "pt750_inf": {
    "higgs": {
      "Hbb_025": {
        "dijet": {
          "Eff60": 93.56926088027386,
          "Eff60_rel": 1.9567258604654656
        },
        "top": {
          "Eff60": 26.635271125011766,
          "Eff60_rel": 2.499094376600527
        }
      },
      "dl1r": {
        "dijet": {
          "Eff60": 79.98257590648934,
          "Eff60_rel": 1.6726003090173358
        },
        "top": {
          "Eff60": 14.26534952825459,
          "Eff60_rel": 1.3384678766353755
        }
      },
      "mv2": {
        "dijet": {
          "Eff60": 47.81929996980549,
          "Eff60_rel": 1.0
        },
        "top": {
          "Eff60": 10.657969292557588,
          "Eff60_rel": 1.0
        }
      },
      "mv2_FR": {
        "dijet": {
          "Eff60": 49.76771353207307,
          "Eff60_rel": 1.0407453384616223
        },
        "top": {
          "Eff60": 8.869501341059065,
          "Eff60_rel": 0.8321943043364366
        }
      }
    }
  }
}